ee_instrument,simplifycfg,ipsccp,called_value_propagation,basicaa,instcombine,inline,mergereturn,jump_threading,pgo_memop_opt,tailcallelim,licm,sink,gvn,sccp,adce,Performance
1,1,1,0,0,1,1,1,1,0,1,1,1,0,0,1,79305.6
1,0,0,0,1,0,0,1,1,1,0,0,1,0,0,1,69186.2
0,0,1,1,1,0,0,0,0,0,0,1,0,1,0,1,80858.8
1,0,0,0,1,1,0,1,0,0,1,1,0,0,1,0,62492.4
0,0,0,1,1,0,0,0,0,0,0,1,1,1,0,1,76474.8
0,1,0,0,0,0,1,0,0,0,0,0,0,1,1,1,64335.4
1,0,1,1,1,0,1,0,0,1,1,0,0,1,0,0,92305.6
0,1,1,0,1,0,0,1,1,1,1,0,0,1,0,1,76736.2
0,1,0,1,0,1,0,1,1,0,1,1,0,1,1,1,82318.8
1,0,0,0,0,0,0,1,1,1,1,0,1,1,0,0,68241.4
0,1,0,1,1,0,0,0,1,0,1,0,1,0,1,1,79475.8
0,1,0,0,1,0,1,0,1,1,0,1,1,1,1,0,73682.4
1,0,1,1,1,0,0,0,1,1,1,1,1,0,1,0,89814.4
1,0,1,0,0,0,1,0,1,1,0,1,1,1,0,0,78630.0
0,1,0,0,1,0,0,1,0,0,0,0,0,1,1,0,58292.4
0,1,1,1,1,1,1,0,1,1,1,0,1,1,0,0,96569.4
0,1,1,1,1,1,0,0,1,1,0,1,1,0,0,0,87525.6
0,0,1,1,1,1,0,0,1,1,0,1,1,1,0,0,87893.6
0,1,1,0,1,1,0,1,0,0,0,0,0,1,1,1,69223.4
1,0,0,1,1,0,1,0,1,0,1,0,1,1,1,1,86787.0
1,1,1,1,1,0,0,1,1,0,0,0,1,0,0,1,83256.0
0,1,0,0,0,1,1,0,0,1,1,0,0,1,1,1,76414.2
1,1,0,1,1,1,0,1,0,0,0,1,1,0,0,1,78032.2
1,0,1,0,0,1,0,1,1,0,1,0,0,0,1,0,67190.0
1,1,1,1,1,0,1,0,1,0,1,0,1,0,1,1,92584.6
0,0,1,0,0,0,0,0,1,1,1,1,0,1,1,0,74006.8
1,1,0,1,0,1,1,1,1,0,0,0,0,1,0,1,82418.8
0,0,1,0,0,0,0,1,1,1,1,1,0,1,0,0,73926.2
1,1,0,1,1,0,1,1,0,0,1,0,0,1,0,1,82126.8
0,1,1,0,0,1,0,1,0,0,0,1,0,0,1,1,70004.2
1,0,1,0,0,1,0,0,1,1,1,1,1,1,0,0,77249.0
0,1,1,1,0,1,1,0,1,1,0,1,1,1,1,0,95166.6
1,1,0,0,0,0,1,0,1,1,1,1,1,1,1,0,75080.2
1,1,0,1,1,0,1,0,1,0,0,0,0,0,0,1,79287.6
1,0,1,0,0,1,1,0,0,1,1,0,1,1,1,0,81051.6
1,1,1,0,1,1,1,0,0,1,0,1,1,1,1,0,79101.0
0,1,0,0,0,0,1,0,0,1,1,0,1,1,1,0,71341.8
0,0,0,1,1,1,0,0,0,1,1,0,0,0,1,0,76722.0
0,0,1,0,1,1,1,0,1,0,1,0,1,0,0,1,78716.0
0,1,1,0,0,1,0,0,1,0,0,0,0,0,1,1,66415.0
0,0,0,0,1,1,1,0,0,1,1,1,1,0,1,0,74598.8
0,1,0,0,0,0,1,1,0,0,1,0,1,1,1,0,64855.2
0,1,0,0,0,1,1,0,0,0,0,1,0,1,0,1,67430.6
0,0,0,1,0,0,1,0,1,0,0,1,1,0,1,0,77898.4
0,1,0,0,0,0,1,1,0,1,0,0,1,0,1,1,71792.2
1,1,1,1,1,1,0,0,1,1,1,1,0,0,1,0,89255.0
0,1,0,0,1,0,0,1,1,0,0,0,0,1,0,1,61729.0
1,1,1,0,0,1,1,1,0,0,1,0,1,0,1,0,73738.8
0,1,0,1,0,1,1,0,1,1,0,1,0,0,0,0,86882.6
1,0,1,0,0,0,0,1,0,0,0,1,0,1,0,1,66885.8
0,0,1,0,1,0,1,0,1,0,1,1,1,0,1,1,80482.0
0,0,0,1,0,0,1,1,0,1,0,0,1,0,0,0,81252.0
0,1,1,1,0,0,1,0,1,0,0,0,1,0,1,1,87672.0
1,1,0,1,0,0,0,1,0,0,1,0,1,1,0,0,75390.2
0,0,0,1,1,1,1,1,0,0,1,1,0,0,0,0,81219.6
0,1,0,0,0,0,1,0,0,1,0,1,0,0,0,1,70100.2
0,0,0,0,0,1,0,1,0,1,1,1,0,1,1,0,68332.0
0,0,1,1,0,0,1,0,1,0,1,1,1,1,0,1,91771.0
0,0,0,0,1,1,0,1,0,1,1,0,0,1,0,1,70125.2
1,0,1,0,1,0,0,1,0,1,0,1,1,0,0,0,71923.6
1,1,1,0,0,1,1,0,0,1,0,1,0,1,1,1,81908.4
1,1,0,1,1,0,1,1,1,0,1,1,1,1,1,0,84400.8
1,0,0,1,1,1,1,1,0,0,0,0,0,0,1,1,77833.6
0,0,0,0,0,1,0,0,1,1,1,0,1,1,0,1,71170.8
0,1,0,1,0,1,0,0,0,0,0,0,0,1,0,1,73234.2
1,0,0,0,0,1,1,0,0,0,1,0,0,0,1,1,67946.6
1,0,0,1,0,0,1,0,1,1,0,0,0,1,1,1,88102.6
1,1,0,0,0,0,1,1,0,0,1,0,0,0,1,0,60671.0
1,1,0,1,0,1,1,0,0,1,0,1,0,0,1,1,89146.0
0,1,0,0,0,0,1,0,1,1,0,1,0,1,1,0,70191.4
0,0,1,0,0,0,1,0,1,0,1,1,0,0,1,0,72168.6
0,0,0,0,0,0,0,0,0,0,1,0,0,0,1,1,60564.8
1,0,0,0,1,0,0,1,1,0,1,1,1,1,1,1,68781.0
0,0,0,0,1,1,0,1,0,1,0,1,1,1,1,0,67419.6
1,1,1,1,0,0,0,0,0,1,1,0,1,1,0,0,87096.8
0,0,0,0,1,1,0,0,1,0,1,0,0,0,1,0,59002.0
1,0,0,0,0,1,0,0,1,1,1,1,0,0,0,0,68492.0
0,1,0,1,0,1,0,1,1,0,1,0,1,0,0,1,80867.6
1,0,1,1,0,0,1,1,1,0,1,1,1,1,1,1,93806.0
0,1,1,1,1,1,1,1,0,0,1,0,1,1,1,1,92606.2
1,0,1,0,0,1,0,1,0,1,0,0,1,0,1,0,71630.4
1,0,1,0,0,0,1,0,1,0,0,1,0,1,0,0,70270.0
0,0,1,0,1,0,1,1,1,0,1,0,0,0,1,0,70249.2
0,1,0,0,1,1,0,1,0,1,0,1,0,1,1,1,69724.8
0,0,0,1,1,1,1,1,1,0,0,0,0,0,1,0,76132.4
0,1,0,1,1,1,1,0,1,1,1,0,0,0,1,1,89692.0
0,1,0,1,1,0,0,1,0,1,0,0,0,0,0,0,75537.4
1,1,0,1,0,1,0,1,1,0,1,0,1,1,1,1,82640.4
0,0,0,1,1,1,0,1,0,1,0,0,0,0,1,1,80691.0
0,0,1,0,1,0,0,0,0,1,0,0,0,1,1,0,68736.2
1,0,0,0,1,0,1,1,0,1,1,0,0,1,0,0,71862.0
1,0,0,0,1,0,1,0,1,0,1,1,0,0,1,0,67899.4
0,0,1,0,0,1,0,0,0,0,1,0,0,1,1,0,65403.6
0,1,1,0,1,1,0,1,0,0,1,1,1,1,0,0,70885.6
0,1,0,1,0,0,0,1,0,0,1,0,0,1,0,0,73571.4
1,1,0,0,0,0,0,0,1,1,1,0,1,0,1,0,67747.0
1,1,0,0,1,0,0,0,1,0,0,0,0,1,1,0,58745.6
1,0,0,0,1,1,0,1,1,1,0,0,1,0,0,0,67585.6
1,1,1,1,1,0,1,0,0,1,1,0,0,1,0,1,94671.2
0,0,1,1,1,0,0,0,0,1,0,0,1,0,1,0,83077.4
