topology.workers,component.bolt_num,topology.acker.executors,message.size,component.spout_num,topology.serialized.message.size.metrics,topology.max.spout.pending,storm.messaging.netty.min_wait_ms,topology.transfer.buffer.size,storm.messaging.netty.max_wait_ms,topology.level,topology.priority,<$latency
4.0,1.0,4.0,1000000.0,1.0,1.0,1000.0,10.0,512.0,100.0,2.0,0.0,6.67263118189e-05
4.0,10.0,2.0,1000000.0,10.0,0.0,1.0,10.0,1024.0,100.0,5.0,0.0,0.000814333356483
4.0,10.0,4.0,1000000.0,1.0,0.0,1.0,1000.0,512.0,10000.0,5.0,29.0,0.000881059668302
2.0,10.0,4.0,1000000.0,1.0,1.0,1.0,10.0,1024.0,100.0,5.0,0.0,0.00106898275057
4.0,10.0,2.0,1000000.0,1.0,1.0,1.0,1000.0,1024.0,10000.0,2.0,29.0,0.00296455471081
4.0,1.0,2.0,10.0,1.0,1.0,1.0,1000.0,512.0,10000.0,5.0,29.0,0.0139852902526
2.0,1.0,4.0,10.0,1.0,0.0,1.0,10.0,1024.0,100.0,2.0,0.0,0.0148908616273
2.0,1.0,2.0,10.0,1.0,0.0,1.0,10.0,512.0,100.0,5.0,0.0,0.0150175054436
4.0,1.0,4.0,10.0,10.0,1.0,1000.0,1000.0,512.0,10000.0,5.0,29.0,0.184939462894
4.0,10.0,2.0,10.0,1.0,1.0,1000.0,1000.0,512.0,10000.0,5.0,0.0,0.201985992922
4.0,1.0,2.0,10.0,10.0,0.0,1000.0,10.0,512.0,100.0,5.0,29.0,0.209154305277
4.0,1.0,4.0,10.0,1.0,1.0,1000.0,1000.0,1024.0,10000.0,5.0,0.0,0.239958711392
2.0,1.0,2.0,10.0,1.0,0.0,1000.0,1000.0,1024.0,10000.0,5.0,0.0,0.305488034883
4.0,1.0,2.0,10.0,10.0,0.0,1000.0,1000.0,1024.0,10000.0,2.0,0.0,0.536351541446
4.0,10.0,4.0,10.0,1.0,1.0,1000.0,10.0,1024.0,100.0,2.0,0.0,0.724116659381
2.0,1.0,2.0,10.0,10.0,0.0,1000.0,10.0,512.0,100.0,2.0,29.0,0.731911382011
2.0,10.0,4.0,10.0,10.0,0.0,1000.0,10.0,512.0,100.0,2.0,29.0,0.763769791501
2.0,10.0,4.0,10.0,10.0,0.0,1000.0,10.0,1024.0,100.0,2.0,29.0,0.767050274872
2.0,1.0,2.0,10.0,1.0,1.0,1000.0,1000.0,1024.0,10000.0,2.0,0.0,0.86631315339
2.0,10.0,4.0,10.0,1.0,0.0,1000.0,10.0,1024.0,100.0,2.0,0.0,0.878905361663
4.0,1.0,4.0,1000000.0,1.0,1.0,1000.0,1000.0,512.0,10000.0,2.0,0.0,0.000133452623638
4.0,10.0,4.0,1000000.0,1.0,1.0,1000.0,10.0,512.0,100.0,2.0,0.0,0.00724320923601
4.0,1.0,4.0,1000000.0,1.0,1.0,1000.0,10.0,512.0,100.0,2.0,0.0,6.67263118189e-05
4.0,10.0,2.0,1000000.0,1.0,1.0,1000.0,10.0,512.0,100.0,2.0,0.0,0.00716150354807
4.0,1.0,4.0,1000000.0,1.0,1.0,1000.0,10.0,512.0,100.0,2.0,0.0,6.67263118189e-05
4.0,1.0,4.0,10.0,1.0,1.0,1000.0,10.0,512.0,100.0,2.0,0.0,0.714781784534
4.0,1.0,4.0,1000000.0,1.0,1.0,1000.0,10.0,512.0,100.0,2.0,0.0,6.67263118189e-05
4.0,1.0,4.0,1000000.0,1.0,0.0,1000.0,1000.0,512.0,10000.0,2.0,0.0,0.00164909313495
4.0,1.0,4.0,1000000.0,1.0,1.0,1000.0,1000.0,512.0,10000.0,2.0,0.0,0.000133452623638
4.0,1.0,4.0,1000000.0,1.0,1.0,1000.0,10.0,1024.0,100.0,5.0,0.0,0.000117111486049
4.0,1.0,4.0,10.0,1.0,1.0,1000.0,10.0,512.0,100.0,2.0,0.0,0.714781784534
4.0,10.0,4.0,1000000.0,1.0,1.0,1000.0,10.0,512.0,100.0,2.0,0.0,0.00724320923601
4.0,1.0,4.0,1000000.0,1.0,1.0,1000.0,10.0,512.0,100.0,2.0,0.0,6.67263118189e-05
2.0,10.0,2.0,1000000.0,1.0,1.0,1000.0,10.0,1024.0,100.0,5.0,29.0,0.000262819962878
2.0,10.0,4.0,1000000.0,1.0,0.0,1.0,10.0,1024.0,100.0,2.0,29.0,0.00250155581247
4.0,10.0,2.0,1000000.0,1.0,1.0,1000.0,10.0,1024.0,100.0,5.0,29.0,0.000153879045623
4.0,10.0,2.0,1000000.0,1.0,1.0,1000.0,10.0,1024.0,100.0,5.0,29.0,0.000153879045623
4.0,10.0,4.0,1000000.0,1.0,1.0,1.0,10.0,1024.0,100.0,5.0,29.0,0.000864718530714
4.0,1.0,2.0,10.0,1.0,1.0,1.0,10.0,1024.0,100.0,5.0,29.0,0.0144292244905
4.0,10.0,2.0,1000000.0,1.0,0.0,1000.0,10.0,1024.0,100.0,5.0,29.0,0.0014012525482
4.0,10.0,2.0,10.0,1.0,1.0,1000.0,10.0,1024.0,100.0,2.0,29.0,0.59133946943
4.0,10.0,2.0,1000000.0,1.0,1.0,1000.0,10.0,1024.0,100.0,5.0,29.0,0.000153879045623
4.0,1.0,2.0,1000000.0,1.0,0.0,1000.0,10.0,512.0,100.0,5.0,29.0,0.000152517284157
4.0,1.0,2.0,1000000.0,1.0,0.0,1000.0,10.0,512.0,100.0,5.0,29.0,0.000152517284157
4.0,1.0,2.0,1000000.0,1.0,0.0,1000.0,10.0,512.0,100.0,5.0,29.0,0.000152517284157
4.0,10.0,2.0,1000000.0,10.0,0.0,1.0,10.0,512.0,100.0,5.0,0.0,0.000241031779427
4.0,1.0,2.0,1000000.0,1.0,0.0,1.0,10.0,512.0,100.0,5.0,29.0,0.000644113173272
4.0,10.0,4.0,1000000.0,1.0,0.0,1.0,10.0,512.0,100.0,5.0,29.0,0.000949147741587
4.0,1.0,2.0,1000000.0,1.0,0.0,1.0,10.0,512.0,100.0,5.0,29.0,0.000644113173272
4.0,1.0,2.0,1000000.0,1.0,0.0,1000.0,10.0,512.0,100.0,5.0,29.0,0.000152517284157
4.0,1.0,2.0,10.0,1.0,0.0,1000.0,10.0,1024.0,100.0,5.0,0.0,0.235193908024
2.0,1.0,2.0,1000000.0,1.0,1.0,1000.0,10.0,1024.0,100.0,2.0,29.0,5.7193981559e-05
4.0,10.0,2.0,1000000.0,10.0,1.0,1.0,10.0,1024.0,100.0,2.0,29.0,0.00103085342953
4.0,1.0,2.0,1000000.0,1.0,1.0,1000.0,10.0,1024.0,100.0,2.0,0.0,0.00510388197341
2.0,1.0,2.0,10.0,1.0,1.0,1000.0,10.0,1024.0,100.0,2.0,0.0,0.838395681582
2.0,1.0,2.0,1000000.0,1.0,0.0,1.0,10.0,1024.0,100.0,2.0,29.0,0.00128958810801
2.0,1.0,2.0,1000000.0,1.0,1.0,1000.0,10.0,1024.0,100.0,2.0,29.0,5.7193981559e-05
2.0,1.0,4.0,1000000.0,1.0,0.0,1000.0,10.0,1024.0,100.0,2.0,0.0,4.22146054364e-05
2.0,10.0,4.0,1000000.0,1.0,0.0,1.0,10.0,1024.0,100.0,2.0,0.0,0.00257236740869
4.0,1.0,2.0,10.0,1.0,0.0,1000.0,10.0,1024.0,100.0,2.0,0.0,0.488861472091
2.0,1.0,4.0,1000000.0,1.0,0.0,1.0,10.0,512.0,100.0,2.0,29.0,0.0012977586768
2.0,1.0,4.0,1000000.0,1.0,0.0,1000.0,10.0,1024.0,100.0,2.0,0.0,4.22146054364e-05
2.0,1.0,4.0,1000000.0,1.0,0.0,1000.0,10.0,1024.0,100.0,2.0,0.0,4.22146054364e-05
2.0,1.0,4.0,1000000.0,1.0,1.0,1.0,10.0,1024.0,100.0,2.0,0.0,0.0013495056125
2.0,10.0,4.0,10.0,1.0,0.0,1000.0,10.0,1024.0,100.0,2.0,0.0,0.878905361663
2.0,1.0,4.0,1000000.0,1.0,0.0,1.0,10.0,1024.0,100.0,2.0,0.0,0.00132771742905
2.0,1.0,4.0,1000000.0,1.0,0.0,1000.0,10.0,1024.0,100.0,2.0,0.0,4.22146054364e-05
4.0,10.0,4.0,10.0,1.0,1.0,1000.0,10.0,1024.0,100.0,2.0,29.0,0.721348198321
4.0,1.0,4.0,10.0,1.0,0.0,1000.0,1000.0,1024.0,10000.0,2.0,29.0,0.719722255131
2.0,1.0,4.0,10.0,1.0,0.0,1000.0,1000.0,1024.0,10000.0,5.0,29.0,0.383363087821
2.0,1.0,2.0,10.0,1.0,0.0,1000.0,1000.0,1024.0,10000.0,5.0,29.0,0.312337695055
2.0,1.0,2.0,10.0,1.0,0.0,1000.0,1000.0,1024.0,10000.0,5.0,29.0,0.312337695055
4.0,1.0,2.0,10.0,1.0,0.0,1000.0,1000.0,1024.0,10000.0,5.0,29.0,0.231713245718
4.0,1.0,4.0,10.0,1.0,1.0,1000.0,1000.0,1024.0,10000.0,5.0,29.0,0.240286895906
4.0,10.0,2.0,10.0,1.0,0.0,1000.0,1000.0,1024.0,10000.0,5.0,29.0,0.208561939039
4.0,10.0,4.0,10.0,1.0,0.0,1000.0,1000.0,1024.0,10000.0,5.0,29.0,0.217802852346
2.0,10.0,2.0,10.0,10.0,0.0,1000.0,1000.0,1024.0,10000.0,5.0,29.0,0.275935087554
4.0,10.0,2.0,10.0,1.0,0.0,1000.0,1000.0,1024.0,10000.0,5.0,0.0,0.203317795635
2.0,10.0,2.0,10.0,10.0,0.0,1000.0,1000.0,512.0,10000.0,5.0,0.0,0.275247398014
4.0,10.0,2.0,10.0,1.0,0.0,1000.0,1000.0,1024.0,10000.0,5.0,0.0,0.203317795635
4.0,10.0,4.0,10.0,1.0,1.0,1000.0,1000.0,1024.0,10000.0,2.0,0.0,0.709910763771
4.0,1.0,2.0,10.0,1.0,0.0,1000.0,1000.0,1024.0,10000.0,5.0,0.0,0.223424203676
4.0,10.0,4.0,10.0,10.0,0.0,1000.0,1000.0,1024.0,10000.0,5.0,0.0,0.185206368141
2.0,10.0,4.0,10.0,10.0,1.0,1000.0,1000.0,1024.0,10000.0,2.0,0.0,0.762781152677
4.0,10.0,4.0,10.0,10.0,1.0,1000.0,1000.0,512.0,10000.0,5.0,29.0,0.179715745912
4.0,10.0,4.0,10.0,10.0,1.0,1000.0,1000.0,512.0,10000.0,2.0,29.0,0.403819468559
4.0,10.0,4.0,10.0,10.0,1.0,1000.0,1000.0,512.0,10000.0,5.0,29.0,0.179715745912
2.0,1.0,4.0,10.0,10.0,1.0,1000.0,1000.0,512.0,10000.0,5.0,29.0,0.303581568831
4.0,10.0,2.0,10.0,10.0,1.0,1000.0,1000.0,1024.0,10000.0,5.0,29.0,0.199316940449
4.0,10.0,4.0,10.0,10.0,1.0,1000.0,1000.0,512.0,10000.0,5.0,29.0,0.179715745912
2.0,1.0,4.0,10.0,10.0,0.0,1000.0,1000.0,512.0,10000.0,5.0,29.0,0.313608218503
4.0,10.0,4.0,10.0,1.0,1.0,1.0,1000.0,1024.0,10000.0,5.0,29.0,0.0146661709855
4.0,10.0,4.0,1000000.0,1.0,1.0,1.0,1000.0,1024.0,10000.0,5.0,29.0,0.000867442053645
4.0,10.0,4.0,1000000.0,10.0,1.0,1.0,1000.0,1024.0,10000.0,5.0,29.0,2.72352293138e-06
4.0,10.0,4.0,10.0,10.0,0.0,1.0,1000.0,1024.0,10000.0,2.0,29.0,0.142999933274
4.0,10.0,4.0,10.0,10.0,1.0,1.0,1000.0,512.0,10000.0,5.0,29.0,0.0782849431396
4.0,10.0,4.0,1000000.0,1.0,1.0,1.0,1000.0,512.0,10000.0,5.0,0.0,0.000908294897616
4.0,10.0,4.0,1000000.0,1.0,1.0,1.0,1000.0,1024.0,10000.0,5.0,29.0,0.000867442053645
4.0,10.0,4.0,10.0,10.0,0.0,1.0,1000.0,1024.0,10000.0,5.0,29.0,0.079897268715
4.0,10.0,4.0,1000000.0,10.0,1.0,1.0,1000.0,512.0,10000.0,5.0,29.0,0.000324099228834
